symbol,first_seen
3BBLACKBIO,2026-09-20
AARNAV,2026-09-20
AASTHA,2026-09-20
ABANSENT,2026-09-20
ABMKNO,2026-09-20
ACGL,2026-09-20
ACSTECH,2026-09-20
ADDIND,2026-09-20
ADVAIT,2026-09-20
ADVANCE,2026-09-20
ADVENTHTL,2026-09-20
ADVIKCA,2026-09-20
AEPL,2026-09-20
AEQUS,2026-09-20
AEROPLANE,2026-09-20
AGL,2026-09-20
AKCAPIT,2026-09-20
ALFREDHE,2026-09-20
ALGOQUANT,2026-09-20
ALPINETEX,2026-09-20
ALUFLUOR,2026-09-20
AMAGI,2026-09-20
AMAL,2026-09-20
AMARJOTHI,2026-09-20
AMBALALSA,2026-09-20
ANNU,2026-09-20
ANSALBU,2026-09-20
APOORVA,2026-09-20
ARCIL,2026-09-24
ARCL,2026-09-20
ARDEE,2026-09-20
ARSSBL,2026-09-20
ARYAMAN,2026-09-20
ASHIKAG,2026-09-20
ASIANTNE,2026-09-20
ASSAMENT,2026-09-20
ASTAR,2026-09-20
ATLANTAELE,2026-09-20
AUGMONT,2026-09-20
AUSTENG,2026-09-20
AVANCE,2026-09-20
AXTEL,2026-09-20
AYE,2026-09-20
AZADIND,2026-09-20
BAJAJST,2026-09-20
BATLIBOI,2026-09-20
BCPL,2026-09-20
BEEKAY,2026-09-20
BENARAS,2026-09-20
BENGALASM,2026-09-20
BHARATCOAL,2026-09-20
BI,2026-09-20
BIMETAL,2026-09-20
BIRLAPREC,2026-09-20
BLACKROSE,2026-09-20
BLEL,2026-09-20
BLIL,2026-09-20
BLUECLOUDS,2026-09-20
BMWVENTLTD,2026-09-20
BNAGROCHEM,2026-09-20
BNALTD,2026-09-20
BONLON,2026-09-20
BPLPHARMA,2026-09-20
BRAHMINFRA,2026-09-20
BRIGHTBR,2026-09-20
BTTL,2026-09-20
BUILDPRO,2026-09-20
CANHLIFE,2026-09-20
CAPILLARY,2026-09-20
CEINSYS,2026-09-20
CFEL,2026-09-20
CGVAK,2026-09-20
CHEMCRUX,2026-09-20
CLEANMAX,2026-09-20
CMLL,2026-09-20
CMPDI,2026-09-20
CMRGREEN,2026-09-20
COCKERILL,2026-09-20
COMFINTE,2026-09-20
COMPEAU,2026-09-20
CORDELIA,2026-09-20
CORONA,2026-09-20
CPL,2026-09-20
CRAMC,2026-09-20
CRAVATEX,2026-09-20
CRSL,2026-09-20
CSM,2026-09-20
DAICHI,2026-09-20
DCMSIL,2026-09-20
DECNGOLD,2026-09-20
DEEP,2026-09-20
DEEPA,2026-09-20
DHABRIYA,2026-09-20
DHATRE,2026-09-20
DHOOTTRANS,2026-09-20
DISAQ,2026-09-20
DRAGARWQ,2026-09-20
DSFCL,2026-09-20
EASTWEST,2026-09-20
EBIX,2026-09-20
ECORECO,2026-09-20
EKI,2026-09-20
ELCIDIN,2026-09-20
ELITECON,2026-09-20
ELPROINTL,2026-09-20
EMMVEE,2026-09-20
EMPIND,2026-09-20
EMPOWER,2026-09-20
ENKEIWHEL,2026-09-20
EPACKPEB,2026-09-20
ESDS,2026-09-20
EUROPRATIK,2026-09-20
EXCELSOFT,2026-09-20
FABTECH,2026-09-20
FEDDERSHOL,2026-09-20
FERMENTA,2026-09-20
FINKURVE,2026-09-20
FRACTAL,2026-09-20
FREDUN,2026-09-20
FRONTSP,2026-09-20
GAJA,2026-09-20
GANESHCP,2026-09-20
GAUDIUMIVF,2026-09-20
GKB,2026-09-20
GKENERGY,2026-09-20
GKSL,2026-09-20
GLASSWALL,2026-09-24
GLOTTIS,2026-09-20
GNRL,2026-09-20
GRADIENTE,2026-09-20
GRANDOAK,2026-09-20
GRAVISSHO,2026-09-20
GROWW,2026-09-20
GSPCROP,2026-09-20
GYFTR,2026-09-20
HALDER,2026-09-20
HALDYNGL,2026-09-20
HAMPTON,2026-09-20
HAWKINCOOK,2026-09-20
HAZOOR,2026-09-20
HBESD,2026-09-20
HBPOR,2026-09-20
HEXAGON,2026-09-20
HINDADH,2026-09-20
HINDALUMI,2026-09-20
HORIZONIND,2026-09-20
HRYNSHP,2026-09-20
HTEL,2026-09-20
ICICIAMC,2026-09-20
INA,2026-09-20
INDOKEM,2026-09-20
INDOMIM,2026-09-20
INDPRUD,2026-09-20
INNOVISION,2026-09-20
INVPRECQ,2026-09-20
IPRINGLTD,2026-09-20
ISTLTD,2026-09-20
ITL,2026-09-20
IVALUE,2026-09-20
IWP,2026-09-20
JAINREC,2026-09-20
JARO,2026-09-20
JAYKAY,2026-09-20
JENBURPH,2026-09-20
JKIPL,2026-09-20
JNPR,2026-09-20
JYOTIRES,2026-09-20
KAMAHOLD,2026-09-20
KAMANWALA,2026-09-20
KANCHI,2026-09-20
KANCOTEA,2026-09-20
KANOHAR,2026-09-24
KARAMTARA,2026-09-24
KDGREEN,2026-09-20
KIRANVYPAR,2026-09-20
KISSHT,2026-09-20
KJMCFIN,2026-09-20
KLBRENG-B,2026-09-20
KMCSHIL,2026-09-20
KNACK,2026-09-20
KOTIC,2026-09-20
KPL,2026-09-20
KSE,2026-09-20
KSHINTL,2026-09-20
KSR,2026-09-20
KUSUMGAR,2026-09-20
KWIL,2026-09-20
LADDERUP,2026-09-20
LAHOTIOV,2026-09-20
LAKSHMIMIL,2026-09-20
LALITHAA,2026-09-20
LASERPOWER,2026-09-20
LCL,2026-09-20
LEAPIND,2026-09-20
LEENEE,2026-09-20
LENSKART,2026-09-20
LGEINDIA,2026-09-20
LKPSEC,2026-09-20
LOTUSCHO,2026-09-20
LUMINO,2026-09-20
MADHAVIPL,2026-09-20
MAFATIND,2026-09-20
MAJESAUT,2026-09-20
MAKERSL,2026-09-20
MANIPALHOS,2026-09-20
MARKOLINES,2026-09-20
MARSONS,2026-09-20
MCCHRLS-B,2026-09-20
MEDICAPQ,2026-09-20
MEESHO,2026-09-20
MENNPIS,2026-09-20
MERCANTILE,2026-09-20
MERCURYEV,2026-09-20
METROGLOBL,2026-09-20
MIDWESTLTD,2026-09-20
MIIL,2026-09-20
MILKYMIST,2026-09-20
MINALIND,2026-09-20
MKEXIM,2026-09-20
MLKFOOD,2026-09-20
MMWL,2026-09-20
MODINATUR,2026-09-20
MODIS,2026-09-20
MOHITE,2026-09-20
MOLBIO,2026-09-20
MOMSBELIEF,2026-09-20
MONEYBOXX,2026-09-20
MPDL,2026-09-20
MPIMANIPAL,2026-09-24
MSL,2026-09-20
MUKESHB,2026-09-20
MVELECTRO,2026-09-20
MYSORPETRO,2026-09-20
NATIONSTD,2026-09-20
NEAGI,2026-09-20
NEPHROPLUS,2026-09-20
NICCOPAR,2026-09-20
NILE,2026-09-20
NIMBSPROJ,2026-09-20
NIRLON,2026-09-20
NITTAGELA,2026-09-20
NTCIND,2026-09-20
ODYCORP,2026-09-20
OMFREIGHT,2026-09-20
OMNI,2026-09-20
OMPOWER,2026-09-20
ONEGLOBAL,2026-09-20
ONIXSOLAR,2026-09-20
OPTIFIN,2026-09-20
ORIRAIL,2026-09-20
ORKLAINDIA,2026-09-20
PACEDIGITK,2026-09-20
PACIFICI,2026-09-20
PANCHMAHQ,2026-09-20
PANORAMA,2026-09-20
PARKHOSPS,2026-09-20
PARNAXLAB,2026-09-20
PBMPOLY,2026-09-20
PERMAGN,2026-09-20
PERNIASPOP,2026-09-20
PHOENXINTL,2026-09-20
PINELABS,2026-09-20
PIONRINV,2026-09-20
PIRAMALFIN,2026-09-20
PML,2026-09-20
PNGSREVA,2026-09-20
POEL,2026-09-20
POLYSPIN,2026-09-20
POWERICA,2026-09-20
PRADPME,2026-09-20
PRANAV,2026-09-24
PRASOLCHEM,2026-09-24
PRAVEG,2026-09-20
PREMCO,2026-09-20
PRIORITY,2026-09-20
PRISMX,2026-09-20
PWL,2026-09-20
QUINT,2026-09-20
RAJPALAYAM,2026-09-20
RAMBHAJO,2026-09-20
RENTOMOJO,2026-09-24
RHETAN,2026-09-20
RIR,2026-09-20
RMC,2026-09-20
RRECL,2026-09-20
RRIL,2026-09-20
RSDFIN,2026-09-20
RSL,2026-09-20
RTSPOWR,2026-09-20
RUBICON,2026-09-20
RUDRA,2026-09-20
SAATVIKGL,2026-09-20
SAB,2026-09-20
SAHLIBHFI,2026-09-20
SAICAPI,2026-09-20
SAIPARENT,2026-09-20
SAMBANDAM,2026-09-20
SAPPL,2026-09-20
SAYAJIHOTL,2026-09-20
SAYAJIIND,2026-09-20
SBIFUNDS,2026-09-20
SCANSTL,2026-09-20
SEDEMAC,2026-09-20
SEIL,2026-09-20
SEKURITIND,2026-09-20
SGLRES,2026-09-20
SGRL,2026-09-20
SHADOWFAX,2026-09-20
SHANKESH,2026-09-20
SHARDUL,2026-09-20
SHBAJRG,2026-09-20
SHERVANI,2026-09-20
SHILCTECH,2026-09-20
SHILGRAVQ,2026-09-20
SHINDL,2026-09-20
SHIPROCKET,2026-09-20
SHIVAAGRO,2026-09-20
SHIVACEM,2026-09-20
SHRADDHA,2026-09-20
SHRIKRISH,2026-09-20
SHRJAGP,2026-09-20
SHUKRAPHAR,2026-09-20
SIEL,2026-09-20
SIKA,2026-09-20
SIMPLXREA,2026-09-20
SINGERIND,2026-09-20
SKFINDUS,2026-09-20
SKYWAYS,2026-09-20
SOLARWORLD,2026-09-20
SONAL,2026-09-20
SPELS,2026-09-21
SRIKPRIND,2026-09-20
SRTL,2026-09-20
STLSTRINF,2026-09-20
STUDDS,2026-09-20
STYL,2026-09-20
SUDEEPPHRM,2026-09-20
SUMEDHA,2026-09-20
SUNLOC,2026-09-20
SUNRAKSHAK,2026-09-20
SUNSHIEL,2026-09-20
SUNSHINE,2026-09-20
SUPTANERY,2026-09-20
SURYALA,2026-09-20
SVGLOBAL,2026-09-20
SWARNSAR,2026-09-20
SWISSMLTRY,2026-09-20
SYMBIOTEC,2026-09-20
SYSTMTXC,2026-09-20
TAALTECH,2026-09-20
TAMBOLIIN,2026-09-20
TANAA,2026-09-20
TATACAP,2026-09-20
TCC,2026-09-20
TECHNOCRAF,2026-09-20
TECHNVISN,2026-09-20
TEMPSENS,2026-09-20
TENNIND,2026-09-20
TERAI,2026-09-20
TGVSL,2026-09-20
THACKER,2026-09-20
THAKDEV,2026-09-20
TMCV,2026-09-20
TOYAMSL,2026-09-20
TRANSCOR,2026-09-20
TRANSPEK,2026-09-20
TRITONV,2026-09-20
TRUALT,2026-09-20
TURTLEMINT,2026-09-20
TUTIALKA,2026-09-20
UDAYJEW,2026-09-20
ULTRAMAR,2026-09-20
UPHOT,2026-09-20
UTLSOLAR,2026-09-20
VADILENT,2026-09-20
VAML,2026-09-20
VASUPRADA,2026-09-20
VEDAVAAG,2026-09-20
VEDPOWER,2026-09-20
VELJAN,2026-09-20
VGCL,2026-09-20
VIDYAWIRES,2026-09-20
VIJSOLX,2026-09-20
VIRAT,2026-09-20
VIRTUALG,2026-09-20
VISL,2026-09-20
VIVOBIOT,2026-09-20
VMSTMT,2026-09-20
VOEPL,2026-09-20
VOGL,2026-09-20
VOITHPAPR,2026-09-20
VTMLTD,2026-09-20
WAKEFIT,2026-09-20
WARDINMOBI,2026-09-20
WELSPLSOL,2026-09-20
WEWORK,2026-09-20
WHBRADY,2026-09-20
WPIL,2026-09-20
XTRANET,2026-09-20
YOGI,2026-09-20
ZFSTEERING,2026-09-20
ZSARACOM,2026-09-20
